First Name,Last Name,Email Address
John,Doe,johndoe@example.com
Jane,Smith,janesmith@invalid
Bob,Brown,bob.brown@company.com
Alice,Green,alice.green@website
Michael,White,michael.white@example.org
Laura,Adams,laura@adams
Kevin,Baker,kevin.baker@valid.com
Sarah,Clark,sarah@clark@invalid.com
Rick,Grimes,rick.grimes@valid-email.com
Maggie,Smith,maggie.smith@no-domain
